time,temperature,vibration,current,failure
0,70.99342830602247,3.699677718293001,9.324821725025618,0
1,70.22326309036441,3.5289341363797777,9.895470663471116,0
2,72.29371124266967,3.162753807582401,9.287494772969211,0
3,74.54044103755204,2.8752009419422744,9.81175067764988,0
4,71.51838655850395,3.61262904795033,8.26570353966046,0
5,72.00576567864687,3.523937389507027,10.411963038168,0
6,76.11362769762817,3.8370149523225163,10.23890810178936,0
7,74.96384753286033,3.7674977813969845,9.459267017495922,0
8,72.9552346512166,4.033182908590969,10.973812229048523,0
9,75.43477542828423,3.297024867614751,11.289844370901648,0
10,73.8674200004171,4.2770668358869,8.781858477939675,0
11,74.29541278216608,3.768149642596666,9.663214686499785,0
12,76.13034927708242,4.754986527212155,9.692636825754185,0
13,72.2253035680448,3.4175813638690555,9.556977036734873,0
14,72.99234120735083,4.671590165277036,11.360661039852632,0
15,75.69181254175139,3.9404263765392207,10.370816334622234,0
16,75.14789866832638,3.5498862180028015,10.33268060005178,0
17,78.14129871659347,3.6638864445702204,8.624930659611715,0
18,76.01722094523241,3.7718654318700664,11.2948027021807,0
19,75.30954764522316,4.1661909215938415,9.44966305025708,0
20,81.34600738592208,4.233355645381062,10.777288721165851,0
21,78.2226796549671,3.6985997280191705,11.022020057929051,0
22,79.0471300099902,3.982406107804565,12.13139747473762,0
23,76.2781430301783,5.070433523435231,9.486781220917255,1
24,78.23162541062189,4.863345188091861,7.799679412480172,0
25,79.7116913729756,4.213569792588781,11.025320529561592,0
26,77.33359469932732,4.005821654467231,12.662915408754191,0
27,80.50862961495794,4.033863294237325,12.120904159824386,0
28,78.653219920047,4.263307723849575,11.109759857451131,0
29,79.34374241078933,3.4236038081017552,10.425166923139718,0
30,78.77153664158175,3.7806091581140095,11.739161682604536,0
31,83.70239401091145,3.0452629006787673,9.97223779974507,0
32,79.96874158093918,4.045516324268585,11.434373629645444,0
33,77.8532284266274,4.13209437367096,11.474185259284893,0
34,81.56173792873106,3.5259028268343675,12.038074509934196,0
35,77.39817216879733,4.510079263383341,13.745109768899537,0
36,80.15620349879147,3.0625803490499806,11.383874315370454,0
37,75.69341178199345,2.8926520923876793,10.48691721883014,0
38,76.80662877907729,3.683665757515233,10.973135831783589,0
39,79.68331962177693,4.039050523127542,9.230865815340849,0
40,80.56990742824765,4.299236472364746,10.304860471952447,0
41,79.2163602487137,3.1675701798312796,10.588323943206069,0
42,78.40079710171226,3.874328566871553,10.469954804263484,0
43,77.76678051680639,3.252221469411929,11.141244638038424,0
44,75.12792005746105,3.1204434963204735,10.159734384755419,0
45,76.34104355208979,3.5829499768032034,12.094878298202666,0
46,76.53577457984763,3.401017341261637,10.964190061070644,0
47,79.22897798034627,2.22006314786118,10.943275873132981,0
48,77.44186838464843,3.6798960314353675,10.611750757172407,0
49,72.85156671061958,3.565297508427827,11.080402204647148,0
50,76.63288937982915,2.49665068636975,11.734395691493315,0
51,74.80667261308153,2.942360664691873,10.024798435242479,0
52,73.80116971760273,2.9276361696129456,10.21501649043226,0
53,75.94365799058056,2.748539074115542,10.549214452776212,0
54,76.3357978473302,2.2823269797824377,9.485512537305468,0
55,75.67917015875571,2.162911267442629,9.989238544098091,0
56,71.67144645511378,2.429416383590995,10.30809505153976,0
57,72.256355371723,2.9745066186869638,11.633269888893649,0
58,73.05502015494694,2.608609237704966,10.994792773032176,0
59,73.85531672785498,2.1031154690473506,10.89800067713772,0
60,70.45285160490809,2.6290468600162438,11.526361142719123,0
61,70.54332846899673,0.7770633850436344,10.508063209934974,0
62,68.20313667632084,2.73740304530686,11.004839107734602,0
63,67.52351427816717,1.2585673381973619,10.479108896591585,0
64,71.0413102105126,1.9164800249699658,10.814717785826755,0
65,71.63052871184057,1.5111505514161663,9.932742714209883,0
66,68.27852281540684,1.401057188250031,8.04200545671222,0
67,69.93804607905004,2.6104515235404877,10.311095482355567,0
68,68.16786102982697,1.7821370781725987,11.831962305771958,0
69,65.67434536370546,2.1795609372318934,11.298614441666647,0
70,67.21495893412063,1.9775847934624797,11.300385634747075,0
71,69.10459146007234,2.2387397385540724,11.53317207311305,0
72,65.50314348883158,2.042246336694287,10.347276940622548,0
73,68.26142082507103,1.370381104018792,10.417099319630712,0
74,59.46214838273558,2.522442481304227,9.562944372459881,0
75,65.928191821327,1.7941974337562052,9.825047152032816,0
76,64.05551522704916,1.2838117371860174,10.717189136087743,0
77,62.89573392841659,1.873238956081154,11.26543815459873,0
78,63.30585996123126,2.866925239597002,9.882144700045096,0
79,58.792980929933094,2.5748300341579435,9.531404428215534,0
80,61.99263127124569,2.01234454122849,9.942153815429018,0
81,62.82897259876154,2.0526066602847983,10.502958155184007,0
82,64.77301697883892,2.1104161278286226,8.418179316595232,0
83,60.50362255269823,3.356843548313636,7.526356622021902,0
84,59.66725507007774,2.5597010882434548,9.232788070121037,0
85,60.04659233054509,2.636822581851226,8.523746472059011,0
86,62.669144867909594,2.99258069973727,9.197861489937122,0
87,61.30697644373488,2.6547924000994993,9.520234492961794,0
88,59.424458853570755,2.465899729451998,9.17731063243251,0
89,61.368804260020326,2.559066323487914,11.046161832326328,0
90,60.41885392204511,2.6847838720940422,9.884224321307467,0
91,62.068851396033416,2.766558024100414,9.822447113475485,0
92,58.65898377591065,3.2145230049611846,10.109437836687679,0
93,59.36413131921567,2.9428835400861533,8.314475835149942,0
94,59.21655111809468,3.3498021493124277,10.459373589691527,0
95,57.08004221398198,3.0097687198278815,9.312377822521821,0
96,60.63059446577075,3.1558668000085386,10.027481875187304,0
97,60.61664518469264,2.183353252908881,8.255031834616283,0
98,60.1857007870416,3.705711218273817,7.7440949452531305,0
99,59.8117950392315,3.484785601462374,10.08783129718573,0
100,57.58001576926779,3.8731562855010457,9.619607030789588,0
101,59.72322266811021,1.9869711299696864,8.315612538415836,0
102,60.05642414366913,4.5383007035289715,8.323719170142065,0
103,59.33777904686971,3.4811378230295276,10.2958256108034,0
104,60.842882019466444,4.1593956486967825,7.959314706197096,0
105,62.218756779363154,3.1370336351560235,10.771097180842375,0
106,65.44969738018204,4.012137050501306,8.208895456770144,0
107,62.31395406714212,3.2246703100887997,9.730424664991977,0
108,62.78745590588565,3.481783383501251,8.747383365527828,0
109,62.45033506357873,4.789447206483478,9.664636574197235,0
110,59.107054313697994,3.7721556692371325,8.504283923996292,0
111,63.25457367633894,4.0074245324014885,8.874076163354388,0
112,63.807794041158836,4.360960408280961,9.067800192170548,0
113,69.00932841866049,4.1968722289012605,8.016262291127012,0
114,64.10842264446138,4.043129124603275,9.752413093480996,0
115,65.52030390967464,4.164988288219486,8.49309542989495,0
116,65.28455466645194,5.1944386103420905,8.77401902296189,1
117,63.465003746362335,3.9697339468578123,8.006175102564203,0
118,68.54687898072768,4.100469069409113,6.437695304874666,0
119,68.23331791667614,4.522180503575392,8.810105427909416,0
120,68.78790891209682,4.542121213102374,11.416450812777075,0
121,65.8704472074166,4.570982821024592,9.79273553058711,0
122,70.98396357915125,4.280599508894187,8.994753492903936,0
123,65.86837878589027,3.3692281003145315,8.758583040850594,0
124,70.34282015942557,4.7327630052324166,9.052965193358238,0
125,74.0491190861444,3.3141214115853503,9.588194840512072,0
126,68.18706635458211,4.005916640707797,7.872373409098546,0
127,69.53505445601,3.4409689722416896,10.181133118211575,0
128,71.3647947786802,3.745911028942038,9.797310840771976,0
129,70.65346975041717,3.8987783030258534,9.816702069741579,0
130,69.04987301874588,3.8482298228381984,9.555021083089574,0
131,72.77372777333984,3.8486110578952633,9.155604341208916,0
132,70.99080620768157,4.391772827421085,9.829673494110404,0
133,74.53362339619837,3.7563521864785114,9.770799887030131,0
134,72.20965073769838,3.3498217212518613,8.848431985147272,0
135,77.60030954784125,3.8941620693859353,8.653633739547113,0
136,73.37462692671362,3.9452412166203064,9.355090882394174,0
137,74.72535299206875,2.673532324064112,10.82944847867468,0
138,77.41143207862135,3.5215899490251767,8.06966615274897,0
139,73.72313264876232,3.5080397127255165,7.870698679254523,0
140,77.02478585639615,2.942535483874753,9.533494203364194,0
141,79.5527349578625,3.712628832109168,9.451140373061975,0
142,74.0747239321363,2.88309574961024,9.60607311244144,0
143,77.99197864067871,2.9544459361992965,9.710070931516855,0
144,78.45644422698838,2.7391373066350853,9.277155862248293,0
145,79.79445453366966,2.7682527506604178,11.025261259188325,0
146,76.03046478452947,2.1481799051545214,7.9702768101900885,0
147,76.11575390976027,1.9134954294509245,8.7791527512283,0
148,80.03096408935006,3.3696050174680563,9.54149167986291,0
149,79.78900110475607,2.0896033785800787,8.0392226227738,0
150,79.88098546843915,1.9602827143824768,9.544730097369003,0
151,80.2344190817891,1.324595644908769,11.420674740593858,0
152,78.31914727715788,2.0297815852967744,9.819096357539832,0
153,80.25718522118402,1.6385804157027084,10.068238890503528,0
154,80.46782728536736,3.075105148020218,8.616961239720869,0
155,78.51728495505903,2.7162922624480927,9.300549189143027,0
156,83.71698247603557,1.8280983583254842,9.581631734467335,0
157,80.94758657488276,3.26285911300011,9.679099601450627,0
158,77.60680642399242,2.595827362457476,11.318450172429595,0
159,81.26704498984385,1.9148088866328823,10.634430235017643,0
160,77.94421912577918,0.8039013857251054,9.00509124791346,0
161,81.3826675636889,3.1796598399733638,10.402677559975217,0
162,82.01608926646567,1.3242775365517105,10.69376826359733,0
163,77.92369102981168,1.1855977148180057,11.374756454469347,0
164,81.33405782528638,2.5132215589697213,11.853833681545385,0
165,80.0516039562664,3.219885996618933,9.296447171685509,0
166,80.66583865755192,2.694662408276384,9.538433821116396,0
167,82.58843094061655,2.2914283407119793,9.128904650605264,0
168,78.05521284887706,2.3181994416813256,10.189035538036016,0
169,76.76830033570485,2.463228829843747,10.925309860824026,0
170,76.20584226698386,2.4359646678778977,11.48144786772771,0
171,76.042390998744,2.2212671863200124,10.452533716300408,0
172,77.18976755991294,2.1610275191467707,10.2421631426459,0
173,77.67787823565997,2.109844754077331,10.74639548693107,0
174,77.18307389948187,1.800189110597953,9.791170128691633,0
175,77.90160603561398,2.076519615330023,12.74652532041356,0
176,75.87517571267342,1.4135438413369381,9.07894810158958,0
177,78.34355259097552,2.257305101825503,10.899873809455082,0
178,74.48089489810293,1.8617132207098208,12.766119491025442,0
179,80.0117481135308,1.8566090980543677,10.775505294751754,0
180,75.37251954794759,2.5533741575763043,10.60362882884766,0
181,71.94634399579155,3.2168354359168627,10.459915155420745,0
182,71.0491986273713,3.039528643223004,10.659354008286572,0
183,73.6782771716227,1.8565204159515827,12.233635862575433,0
184,71.78197357035077,2.209948567572124,8.668590098223527,0
185,73.16689584198852,3.23945182809294,12.432141797107953,0
186,72.1910194842177,2.343152127782536,9.491569288380944,0
187,70.6014250785816,2.7881445860045013,10.664227809612699,0
188,68.55416681839677,3.2419947779809304,10.51550020691949,0
189,66.71811189919168,2.5494508197893193,11.545650995491137,0
190,68.35545889124786,3.152815738619553,9.36979532014774,0
191,70.46384721747943,2.499175327939124,11.439365819427765,0
192,68.6849196760306,2.930826003125932,13.009212957358413,0
193,65.27529445093819,3.4556939903497907,9.62786387497148,0
194,67.62875558759295,2.5622851614326367,11.18529314347025,0
195,67.57544282323494,3.6404044058068403,10.336561167577996,0
196,64.56749383507845,3.4698664284694334,11.42578946474101,0
197,66.18221963272012,3.8133174509451773,11.018809318824525,0
198,65.54105849913879,3.704030581739554,10.356334670008764,0
199,62.70000812254678,4.3265143072838566,11.482257599899214,0
200,65.27536361180287,3.75656378590101,12.793706356410125,0
201,65.2687958113061,3.5256731193898223,10.791844624348563,0
202,65.91539599742174,3.8446596558782904,11.694324339852617,0
203,65.47458787855983,4.094813952142816,9.671552323121928,0
204,60.245914388150396,3.8835918500193483,9.997104272832566,0
205,60.777365616121806,3.9116374547840214,11.41313683456015,0
206,63.3532124367815,3.5685655083528918,12.41053152403273,0
207,63.04002815781441,3.6122452106686307,11.26623171593139,0
208,62.75183068175556,3.262334700935179,10.580306413138999,0
209,69.15716869409661,4.854086129210581,10.87397273306632,0
210,62.34482342166964,3.3686757379992276,9.604191174118563,0
211,63.24749818077296,3.6510632859038683,11.437664638940733,0
212,62.680249310858336,3.6407890189499392,11.692699918234764,0
213,61.89397174976252,4.445488841188582,10.33419765230385,0
214,59.80311134801743,3.844151783138961,10.290909073559272,0
215,61.81795976177975,4.60469203082347,11.000275327526163,0
216,58.64498727025994,3.6289124644273434,10.269948359695283,0
217,59.63213516153147,4.085701416708288,10.611675960766465,0
218,59.07491037127802,3.5048735727182407,12.747586495086033,0
219,60.17413155983448,4.967365736027198,10.369858690375048,0
220,64.62941506783999,3.269260658453263,10.22657704087054,0
221,56.28027675005605,3.9824045177378613,9.904472446294374,0
222,61.42699449870914,4.105140507841366,11.262420177420912,0
223,56.89356799347672,3.9524074756724223,10.302388932114297,0
224,59.264358976907964,3.6068078155067216,9.798851288619158,0
225,62.49982121882211,3.5853774902904036,11.73342251751477,0
226,60.58836753917004,3.6201406734538253,11.7949563463941,0
227,58.466050934023556,3.4700231966158848,9.737564147504562,0
228,59.376107324833306,3.9683382472512543,8.433541425004469,0
229,62.374062920064866,4.532373709660354,11.269208663135586,0
230,59.78474498968144,3.0871822628490144,9.538260088340245,0
231,61.930888008300286,2.618216866956163,10.974353877749351,0
232,61.86285773012054,3.194820840152542,8.174168899308622,0
233,60.762823005943595,4.463598381302043,10.997183688182945,0
234,66.66805233946032,2.7059163683145786,8.853560737616785,0
235,63.98118828636432,3.8608432670707,10.755539544519882,0
236,59.01446397891356,3.813483063098672,9.999051616450002,0
237,63.8063912075787,2.631299028918321,8.99086660345228,0
238,62.49505594809289,3.1264535067021404,9.497885482746858,0
239,65.924092055422,3.590731227161874,10.551508130299705,0
240,63.04922934313025,2.5225328128411912,9.931567671892253,0
241,64.83325489976023,2.547149367472652,10.370848630345746,0
242,66.5134999126149,2.296501645624398,11.723980322887227,0
243,67.68707215984884,2.0201996482551,8.144806097722459,0
244,64.01711436352016,2.145274027810064,11.288233717062298,0
245,66.21980397850683,1.802632524370797,9.737876808271285,0
246,66.41779146402007,2.3789350517816654,8.697822839508103,0
247,66.5464786812473,1.9270323414964126,8.23002462210226,0
248,71.87486672607909,2.382094113507794,9.335652582088187,0
249,69.64888200849732,1.443700098363888,10.411618071680705,0
250,66.81501311781791,2.3469928629492833,9.328429768733097,0
251,71.67202506254614,2.561858249331537,10.934015066438137,0
252,74.58054286623664,1.1155651451327677,7.93948899388488,0
253,72.90024989601338,2.2707437308059117,9.347355090357135,0
254,68.29358048229139,2.672903289314582,8.076854700951044,0
255,70.85752320057884,1.4337819987748404,9.663757195031426,0
256,74.84892054938864,2.85869371201061,10.159009519747563,0
257,71.3830796845342,2.220065280251674,8.824521602533245,0
258,74.16238324766938,1.6505940060791993,6.615438191719634,0
259,75.29215311831625,1.9721885797348155,9.394217237533027,0
260,72.34780942511024,2.280652233176498,9.608912082647855,0
261,74.53090302521862,2.0453433152355722,9.554697071810834,0
262,68.60407996358559,2.286980644069885,10.36577246966128,0
263,73.46178637988508,1.5718924732029376,8.039916389143352,0
264,75.41559884428591,2.135835914099915,9.773588223436452,0
265,73.82054351325269,1.3674400109734801,10.269732090865169,0
266,79.96052022982929,2.045938696933474,7.283965698608189,0
267,74.19826685382539,1.6808439997820237,9.369033527531048,0
268,76.52366992613052,1.8001317467531184,8.533551076091426,0
269,77.99194380242878,2.8247390704810473,8.94609686476,0
270,80.92039084364845,2.794667813525458,9.366740253471844,0
271,75.45341115618152,2.599238569121297,8.524848726604692,0
272,80.91794565287488,1.7973035230886483,8.330963197930615,0
273,78.85709238968552,2.236962952746315,9.03700679501206,0
274,77.09653012098872,3.0561104501673486,7.913386759375947,0
275,80.18403137661282,2.577259966532631,7.914184664564111,0
276,79.83507608558799,3.72509914791895,9.680359942626959,0
277,78.39006772941417,2.8230568533770874,7.8547676989660085,0
278,79.85967918392979,2.7850458864130845,9.674043398151326,0
279,79.05472622502657,2.5984681061621284,9.47607877210514,0
280,80.13310824745119,2.8848990549878764,7.295015542058087,0
281,81.2862950192804,2.8078039667291748,8.352158885597056,0
282,83.16512751976988,3.304518697465928,10.234286443422144,0
283,77.52354557665033,3.4954610685969434,8.071000523661242,0
284,84.24633327647615,2.690684715138653,8.601267139036214,0
285,76.03223541228262,2.4842607328840636,9.54273236758722,0
286,79.56414945267497,2.2973064131247027,9.880532786135745,0
287,80.95099852703598,3.533979633900036,8.86351857308414,0
288,80.21856150096283,2.7916316257329585,8.5368781660002,0
289,78.2692559619123,2.3286753116354357,10.577473917922482,0
290,78.93270605453228,3.6594157203993007,10.91607106882887,0
291,78.17387673207374,4.769565523874092,10.17941315484495,0
292,77.76918220751661,3.575645780563651,9.31053588695439,0
293,80.41278391613956,4.050971130549993,8.442854149405564,0
294,79.17149928335944,3.722878299341918,8.447775639600799,0
295,76.79439844402565,3.6797268432015695,9.828989020488637,0
296,79.68172042461967,4.232678398147933,9.754237497368589,0
297,78.17972055816564,3.6685364654127794,10.76786474616093,0
298,78.85453773279768,3.984288486856087,10.048156961450749,0
299,78.13369488862983,4.044580814820986,7.927030823382289,0
300,74.84488837972702,3.5789000239061033,10.515374699722484,0
301,74.99470370859547,4.434123732620778,8.499540813748627,0
302,77.2065559068464,3.871612185901123,9.148608258695822,0
303,76.51533518807157,3.5979479380205532,9.818505599524913,0
304,74.8221837006097,4.25646851904233,11.600389364963053,0
305,74.65587645238296,3.5469822518675844,12.751689273768532,0
306,76.52273552288297,4.013883478827233,10.286115709916844,0
307,72.3205305510319,3.994368180705334,9.534330868443927,0
308,74.1253783297971,4.536572206336349,10.290619867791468,0
309,72.14673212103395,4.221255811058593,10.682746542554266,0
310,71.62931241292353,3.9573041871609265,9.513728198994498,0
311,73.77062530504197,4.360303083479571,11.669176819688982,0
312,72.72836922097049,4.623899008585897,10.14380749056506,0
313,72.20632743678523,4.180949237287424,10.451389090889997,0
314,72.69058945216803,3.876461643875432,10.659553680786809,0
315,69.62176415607712,3.1807375223609764,10.455209657835592,0
316,70.44483744031311,3.265752019082992,10.912503376476518,0
317,67.96387020206195,3.6038029850858533,9.496131833336719,0
318,68.73974689123499,3.4064051218263405,9.594724017970048,0
319,67.34290901909408,3.56926191097215,9.09226748238551,0
320,67.31495876333477,3.6397144105311328,10.671011055721765,0
321,67.83624867328821,3.8221614306960268,11.04916407202395,0
322,64.54284446169297,3.465515231384922,10.766285871609877,0
323,69.90696138091651,3.6852402128709882,12.020797320755545,0
324,63.26374537301594,3.41348769906,10.377946736583562,0
325,62.41280430624344,2.331084490025339,11.088908692419153,0
326,66.73569903413235,2.7853009146845094,9.36441826447329,0
327,65.5950468308735,3.11794289793463,10.104241848599413,0
328,64.86717281062484,2.519313296039619,11.221315677433024,0
329,64.49878527248529,3.3577474032837213,11.408475266892012,0
330,62.85765303061494,3.756524106881445,10.29810656704304,0
331,60.74548108234197,3.5339345935667352,10.552227430086262,0
332,62.36808833104447,2.7515724021207215,9.136708112885442,0
333,60.55809992936029,3.538026647818217,10.327260645042942,0
334,63.57882168663804,2.802288203760448,11.603286277873325,0
335,61.071550508916665,2.495911028842811,11.315580906059015,0
336,59.47333527059993,2.295742985108097,11.267329943447077,0
337,60.26240692662276,2.390966035942741,10.84149974215125,0
338,61.53462278120757,2.289902941516428,10.822584453707488,0
339,59.40811529130996,2.51328245607818,10.177690735611359,0
340,58.741584290071565,2.4549852800173033,11.55799023505903,0
341,60.74789011891042,2.32562333373363,11.299910223391885,0
342,60.64928309140101,2.49497432882893,11.389325478991507,0
343,59.06889435191385,2.8274476431353945,10.388205641132949,0
344,59.0889227283474,2.665932351418494,8.776368826984593,0
345,60.468235161123104,1.4113306115998778,12.0408483811978,0
346,57.10608700627524,0.8432029273259107,10.477332424263862,0
347,57.21043769743108,2.557616285740243,10.104338659220902,0
348,58.6365177527888,1.3813507355977506,11.669990701399291,0
349,59.719364155821104,1.9308960878438077,10.59233430523567,0
350,60.86555507651443,1.440961499400764,12.050543739741492,0
351,63.316319434465846,1.1120942230893411,11.612288955360825,0
352,62.2268742672228,2.275266902488374,11.681935738580325,0
353,60.36134215210525,2.379986863158106,9.633896940483902,0
354,60.83614308628278,1.7124688075000125,12.211683322423253,0
355,59.08488287147585,0.7099571686241424,11.259277183950218,0
356,61.29095193315941,1.7415288569524838,10.62544019940632,0
357,61.01037306988212,2.22410355695741,11.133205156384138,0
358,62.51386600406129,1.3066137478185353,9.207097310980096,0
359,60.51503022489437,2.1598555909893133,11.383928087891832,0
360,63.52882056076558,2.0867667134068784,9.936286268367205,0
361,65.89501154867594,2.4143366969644413,9.601825144397388,0
362,62.96934204753129,2.2186392623740376,9.41944690864112,0
363,64.36464370634246,1.7102098028652675,12.040298445623172,0
364,65.33195975935938,2.8364939226935704,10.282666674481273,0
365,63.554800016609775,2.2037917715689543,12.428518882057004,0
366,65.22509906735351,2.3174379098670097,10.340419338057826,0
367,65.23482704325762,1.9154616532369144,9.148890706122158,0
368,65.8496959763787,2.2142051849855573,9.71838227116612,0
369,64.56388762653492,2.049702052595927,12.048040705887543,0
370,66.62421416382176,2.4641439609353237,10.63235388943865,0
371,68.04503725070997,3.4669813304585624,10.214726717223101,0
372,70.43255059822387,1.9874143024295996,10.896573526250574,0
373,69.93620080454835,1.9302731325450302,11.210700991892196,0
374,72.81637465688112,3.537496169687098,11.797545908972648,0
375,67.47138940523543,2.7629864113262936,12.098787070050042,0
376,71.24928486465768,2.5994371367039464,10.259619619631385,0
377,70.37112479594317,3.520544448278428,9.261450115506229,0
378,74.88383274450345,2.7644003026570427,10.141202305476426,0
379,69.38615609636061,4.046530305313654,10.781230288570214,0
380,69.81932841226796,3.5382125335489936,9.52263976264319,0
381,70.79226008560394,3.020132817311618,9.49391854668258,0
382,68.23055063121,4.406408259409842,10.758806500935831,0
383,71.90793417530169,3.0871061769776778,10.32965148436538,0
384,71.91488396509155,3.8214882802800427,10.373780842460324,0
385,74.1990608454162,3.658562623434059,9.544623022045633,0
386,75.03716555528325,4.216001704113983,10.034367227527909,0
387,78.55049374675549,4.399590620483465,9.301760810227387,0
388,77.13150532794906,3.6857916999898617,11.077056836264775,0
389,74.49628200345033,3.341059553212054,11.182673296888817,0
390,74.2585693544993,3.992544521949161,8.26156579006135,0
391,77.42941107947757,3.4651028340835093,9.138400099383952,0
392,74.17916978664007,4.8484843765365495,8.531430368714782,0
393,80.839571657703,3.944148745352258,9.337939624192774,0
394,79.87461439496406,3.723419267959302,9.864548779342726,0
395,76.89767745557415,4.024593629205049,8.458447930073788,0
396,74.71046831688929,3.2807219497278486,8.946486768640854,0
397,81.1248531327826,3.4862699969778026,8.824853259063126,0
398,78.44736131591144,4.585757149541141,9.996815876393743,0
399,81.38971966841558,3.6661976343921405,9.819967477312117,0
400,75.94059718968755,3.475864854439128,8.990359129997682,0
401,78.12324904743511,4.267882514915061,9.850851682423967,0
402,79.50173293591531,4.588203182243057,9.089806333814096,0
403,79.73072999624864,4.3462005820110585,9.327868460377227,0
404,78.85807423471127,4.47173677567058,11.236653490160199,0
405,81.1009509803462,3.5779783841197728,10.868039065391882,0
406,77.79242319959388,3.2238846050367695,8.193129164814064,0
407,79.69050404110595,4.659717690961069,10.288386762902164,0
408,80.2385202648505,3.717933142229656,10.236860880362961,0
409,81.02448304413954,3.7201723169652534,8.244930152484663,0
410,81.39152769896577,4.472244878812514,10.180670961406912,0
411,77.66679077241044,4.04523135733586,10.869545947048966,0
412,76.77083860471492,3.9506206399680743,8.17985920834914,0
413,82.29282003680471,4.757527620400571,8.356807184300541,0
414,80.27615526898035,3.30261802022632,10.265038412065445,0
415,77.9645912113956,4.034873905061674,9.493143232291349,0
416,82.39025629181745,3.5435004761499886,9.748640370235053,0
417,79.32247462184196,3.5910421115758213,9.514553851111337,0
418,81.23016965505117,4.160703013428632,9.542782575727276,0
419,78.76488786542077,3.588348075415671,7.805093027050129,0
420,82.48805223512453,3.5400538278326854,10.159750673039945,0
421,81.59303151926191,3.742431468143362,10.264310687819748,0
422,77.28001332105278,2.958057439459155,8.849065934068845,0
423,79.39723450018376,2.654660611914858,9.020189983797465,0
424,78.40236412823012,2.485262543510104,7.519267619695883,0
425,79.4886196479927,1.9578564772077263,9.552857264138277,0
426,74.44437904034218,3.902767938873732,9.600425366603238,0
427,77.3532660648026,2.257246633994443,8.95749672870816,0
428,77.68999950887579,2.6332596853369465,10.136929216881088,0
429,71.633728978804,2.5416533881713415,8.672966405323294,0
430,72.34987300561042,2.7713583568203464,9.567705859852005,0
431,70.19131923588459,2.964817265780129,7.981086720366453,0
432,73.27369124766028,2.9284474431592984,8.976448618428263,0
433,74.78078147650878,2.1501633679668446,8.826496007090922,0
434,75.87524061746934,2.304113023813886,9.22860610916139,0
435,72.53637080113538,2.4776560910311822,8.637813690696008,0
436,75.15709784909696,2.163661179465404,8.881498499519331,0
437,68.64660068171975,3.0464833999830976,9.846227777986893,0
438,67.50345928328818,2.4464659971595117,8.592193382674095,0
439,70.30027424168475,2.530135215237545,7.43271099320404,0
440,70.67961780497458,2.459574729024162,10.800739406287297,0
441,69.34643591516128,2.684182320532477,10.445994937698822,0
442,64.77874984567944,2.161277336588781,7.787160055900792,0
443,68.23991795026055,1.3998001457426112,9.785485175468729,0
444,65.3176967929227,2.229738242169135,8.610603782206418,0
445,68.77964098696674,1.690203950362569,9.396285035845478,0
446,67.69355040408323,1.7419344236547603,9.447628555778481,0
447,64.60824989402087,2.294200204430597,8.940957605018987,0
448,64.99670933411228,2.619373436255482,8.414879957758036,0
449,63.45238664876589,2.014523162702676,8.532666785093458,0
450,65.00289668084856,2.16638488220662,8.332820837747082,0
451,66.6081575249042,2.875546475311308,8.444196880209253,0
452,62.309291356233274,2.161620440854049,9.237005348619187,0
453,64.88600220778922,3.3631498167899165,8.617701357531864,0
454,62.429861706592646,2.370293466654378,10.045857439987346,0
455,61.533369712892345,1.2364415304332441,10.882413332929644,0
456,62.55099171964844,2.5267017646729384,8.847443343034392,0
457,60.35858845787258,2.377594431956748,9.70014637508794,0
458,61.00471852955147,2.872487829505299,9.994534972968738,0
459,59.41892124176995,2.608229907803386,10.00176825415844,0
460,65.46724622408108,2.249674980078982,9.64138964584419,0
461,61.3525930965661,1.7570435707492678,10.344480403269694,0
462,59.64867530581801,2.3177733269112553,10.121047582851403,0
463,61.26452149460197,2.0526836666993016,8.438714698243771,0
464,60.42324474867295,2.2456604972878305,10.583629402931882,0
465,60.04067620131002,2.89025155688724,10.64031717553012,0
466,61.56945185772615,3.492749797223463,9.028688338979439,0
467,61.738779108604376,2.918488836917086,9.869193180014792,0
468,59.06984212357246,2.18780592868652,10.554135194239182,0
469,58.91095641698405,3.073595062398292,9.701249921227518,0
470,59.469076325902755,3.5158164122105946,11.023442406887645,0
471,55.39687106545627,2.679182685240207,12.354316718514113,0
472,56.976857954236614,2.983709777975596,9.244453343236202,0
473,62.77249199290371,3.1244813511242957,8.689341228185837,0
474,63.385080218031,2.790586572439468,10.414038280097612,0
475,59.67823102460301,3.572261230243354,10.871439714789096,0
476,61.4351294686729,3.251629871668312,9.958428589425036,0
477,61.03451819060917,3.584466485602976,11.681670548637234,0
478,66.72374679936492,2.991885774619751,8.928553600547685,0
479,62.98268243015988,3.275898888598047,10.99840014020781,0
480,60.68838119697223,3.9126173601555765,9.737454108061002,0
481,59.25645401426517,3.419358869991563,12.09997701602139,0
482,58.20003733338556,4.52091479814769,12.409789766590855,0
483,62.08671552707545,3.5063513643730335,9.686625579200346,0
484,60.45474124249184,3.8641110360314808,9.939007629863937,0
485,59.43066700147695,4.26032334826036,11.382653652137499,0
486,61.309068380736015,3.1235766188412644,10.169599321110525,0
487,60.7846484824756,2.987386849627768,10.544092309519423,0
488,66.6851850663649,3.1361394468698767,10.646722424655819,0
489,65.4540578785285,4.55744207239412,8.732497322715103,0
490,64.07047941871552,3.6732886662467163,10.668125873973898,0
491,67.45674017436411,5.247167917298828,10.020937990845038,1
492,65.07577071138901,3.700494078035445,10.245108173727273,0
493,63.63534266263239,4.0850775585344135,12.20824721870077,0
494,68.852638993807,4.769630093871605,9.533269318822454,0
495,67.34317253952817,5.002958304186828,11.626878924255083,1
496,64.65915643029987,5.027557983935102,10.557306627175155,1
497,66.82943184664926,4.593455037254991,10.577767356113633,0
498,65.94230643395653,4.48937377529799,11.667785526653757,0
499,65.41714215817555,4.257334441483108,11.235947356526143,0
500,70.52883759408556,4.329710114712082,11.483558247947158,0
501,72.99236476335844,3.640216744726552,11.896718582380966,0
502,66.87551105905327,3.477921429822184,10.611328753586974,0
503,71.29851761834674,3.852604056386155,10.342995598851108,0
504,69.37079558701109,3.7326739432639777,9.881148835428272,0
505,70.19565168621425,3.550994028528717,10.15040998778802,0
506,70.48001218689386,4.0821888196182945,13.93287499419212,0
507,70.42755494456259,4.164773750489999,12.234846361688383,0
508,72.73792846973436,3.681397898800624,9.64389457118657,0
509,71.45773287325696,4.323201878998213,9.675721399042903,0
510,74.13149719178136,2.9582381290532713,11.48165896186116,0
511,73.95208316655525,3.3745481963136155,11.54707178651438,0
512,74.02650984902107,3.0531677682970906,11.547105435545687,0
513,73.12986650696341,2.416683060420132,10.740083476148753,0
514,74.21967914892805,3.245428702942205,10.864810828605878,0
515,77.298801984529,3.161438911463956,11.311786218777973,0
516,77.19018459644916,3.913593466669475,11.061867266099297,0
517,74.61810276720367,3.4061334311444913,8.747180101626828,0
518,77.14031129338088,2.5120900861166024,10.725640895780074,0
519,78.79550385342108,3.8845782484501425,10.09146564305013,0
520,74.28677394255328,3.501585956972665,11.104006652985753,0
521,79.02609979774009,3.116139062880084,13.89849151920534,0
522,76.90808248948912,2.6466463526213095,11.263690487386906,0
523,79.64789890178464,2.216033742055622,10.564221698116834,0
524,77.23229248502386,2.4468666372966883,11.779691233671894,0
525,75.37926336479563,3.116191640355942,11.31934352574527,0
526,75.94169157085386,3.4548601180064087,11.234177565284671,0
527,79.47770806891053,3.227103930514684,11.397058745087337,0
528,80.06229594836994,2.1563918398925974,12.821612629265793,0
529,77.87167830651576,1.7890042699363475,9.607817594377856,0
530,81.07076134859392,2.3701456385816626,11.184793299717438,0
531,76.55932234013426,1.369483641573658,9.756097579876307,0
532,79.81428814148374,2.372603636500557,11.208217022803874,0
533,77.56363967402257,2.098040221529621,9.703199343813152,0
534,78.69626521296588,1.903324340372923,10.172705635825208,0
535,80.08400549052106,1.3073291902260205,10.262225139279757,0
536,78.23268431854768,2.3337966329212287,11.499482791751644,0
537,79.12382426794885,1.787062733884084,11.407633781232246,0
538,81.82021809588042,1.4490768046518911,9.208192643139375,0
539,78.54403188597087,0.582817771617135,10.472848653679169,0
540,81.23514350817531,1.994463694031566,9.671670636905768,0
541,77.14638481625708,2.888025486890042,9.085471610497681,0
542,80.28393652506142,2.830642196491498,10.089135211210587,0
543,81.90293903771939,1.7740201042532162,9.959355435331466,0
544,73.84944161625266,1.7084492341520507,12.655812188262844,0
545,76.94989167829428,2.2553297706398183,10.622946501156134,0
546,79.42742326031487,1.5374870559320934,8.772956210766374,0
547,77.57610616171189,2.207592696102388,9.546145857257086,0
548,78.41345527309792,2.463944762424687,11.092471858648198,0
549,76.13298583172991,2.7226624678652924,12.1195863113431,0
550,77.16557989149678,2.0913677137761346,8.405165378471638,0
551,76.31501259793657,2.0756711610724428,8.071243618013657,0
552,78.57933547748353,1.7782341930710652,11.782230611745609,0
553,76.35441114951742,1.846980469229001,10.261119003338623,0
554,76.10796201647287,2.193662162213523,8.963657048552857,0
555,74.18261092707921,2.5401446200510893,10.327292665515678,0
556,73.59224727329695,2.8656735485548204,7.11796133338394,0
557,73.2520219373039,2.062337350511515,9.718524084950449,0
558,74.44543048758281,3.267698365891346,10.00486495865842,0
559,72.34480571984369,2.445346063866118,10.563725793864254,0
560,73.28860759687151,2.6316399421414385,8.588548364586028,0
561,76.3753714481064,2.3317225589258306,9.651756145119704,0
562,73.4767709593223,1.5575222441253078,8.604963221553579,0
563,70.58809078920689,3.2770024807409452,9.750841746449543,0
564,73.1450823001715,3.2694722909959273,8.56598897115913,0
565,69.42716406272892,2.8268967371797,9.019973505730215,0
566,65.66711793103869,3.067710169735533,8.399912960512369,0
567,67.2278880210266,3.3586867058445504,10.015485313265522,0
568,65.005059896984,2.385498988641351,10.192437810125192,0
569,67.54933260504444,2.9675594644642223,9.07006922475296,0
570,67.79928035651115,3.693500918520299,9.314743238915783,0
571,70.6309949733954,2.732189936790868,7.800886715839946,0
572,67.45445512868635,3.5674832326529797,8.923975043872888,0
573,65.89287618868549,2.8019138781265562,9.148862627924965,0
574,67.52953566996158,3.7707868323984433,11.796557210635234,0
575,60.99842218911611,3.5747298373541705,8.041812570050666,0
576,65.45333610601139,2.837330824992113,10.597326082926125,0
577,66.09779367948792,4.276747418314589,10.110763642919293,0
578,61.18645410869734,3.3734779803737,9.376714862408745,0
579,66.03333587877295,3.3787524692911024,10.838318612219886,0
580,64.04065397285915,3.9237855903043677,9.436895557412324,0
581,62.16750608654683,4.433783321242736,9.440537373617602,0
582,63.91556755172479,3.3836989635522423,8.986363210629756,0
583,66.86168260293204,3.950633781384798,10.252695052682542,0
584,62.37351772352085,4.1582996311897595,10.116790901710287,0
585,62.215686087828225,4.3103481899156595,8.387407154383139,0
586,60.53068039314881,4.067638220391609,7.688178875622769,0
587,59.50124277175563,3.807174225238961,8.800374967717898,0
588,62.635125550986636,3.583762308583445,8.200840994033616,0
589,59.05836783808505,4.043066687856271,8.936477316705794,0
590,60.73281839100925,3.4619197925087875,10.23816214254751,0
591,59.47704233411965,2.5308747434668373,8.545743097738715,0
592,61.256902314420934,4.19898531712161,8.964137032199098,0
593,60.85709989991,4.4174711887717475,9.07048746050547,0
594,62.18020905597045,2.764546364855989,9.867979765864694,0
595,59.02518187179595,3.4174531012946456,6.781312220271532,0
596,59.47043207994377,4.204103780042359,8.431708600294813,0
597,58.042591142517956,4.891508378541528,9.261438268782962,0
598,59.12646317320963,3.837558419891333,10.263498764428444,0
599,60.809538974435846,3.423886105561235,8.586280920507548,0
600,61.63366099236208,3.6536649399269288,7.217868931951502,0
601,58.36479452647447,4.386466566652441,9.731820086138598,0
602,62.06225051887326,3.3268558219104665,8.495853690294918,0
603,63.17241526374338,3.198164363580128,7.962046727920999,0
604,61.4499524034446,3.3016553323268845,8.54922238281157,0
605,64.56205468308036,3.0092169557920045,9.012218915650196,0
606,59.46923917621931,3.4879119118419712,8.616461147359713,0
607,58.75831596197881,4.177716282398744,7.041347197957803,0
608,57.94286904339816,3.464093692381925,10.170891673244922,0
609,64.76632713638395,3.112210120685748,10.576774463266284,0
610,63.37745891813527,3.0272549483565787,9.982612170961481,0
611,62.27187140608743,2.3255695719369602,8.223665379851028,0
612,63.27632957432371,3.4822481459234447,9.19114208906391,0
613,60.81697102682925,2.9351221479613407,9.41836653715615,0
614,68.32833639745576,2.817263610525505,10.056856528073833,0
615,64.0805626198415,4.437931115117721,10.160443898327458,0
616,64.44163914475247,2.9253322778231454,8.792783408127464,0
617,66.08955197042107,2.335634174190294,9.64456332817464,0
618,66.02860851390564,2.435206392180412,10.056158539482725,0
619,65.95526038240273,3.161025689710425,11.091652529536766,0
620,64.37867463587872,2.583691436994548,10.377871413720001,0
621,67.36479031091191,1.7502718330911127,10.500478774299397,0
622,70.65707614200635,2.8737371809164154,9.833767590982758,0
623,70.06280660782973,2.027365497024687,11.199319025502454,0
624,71.0438478503199,3.2482382584711025,10.237879372654698,0
625,67.32590652340184,2.804823703567839,9.006560339728658,0
626,66.86411981011048,1.9976153702213564,11.310761627801067,0
627,69.08963825878281,2.8217208587407128,10.645186491580882,0
628,69.95219119857637,2.178714500125883,9.544215094883237,0
629,72.52905174958251,2.5385471896630287,9.547762428278808,0
630,67.45481529748783,2.325844860731604,10.363783617666236,0
631,74.39582211605376,1.6356901452192691,10.5702380260614,0
632,71.5143414926479,1.7166648350160432,10.344019392360899,0
633,71.46565602259147,2.5372634569505594,10.4974749640058,0
634,70.77847294716986,1.843082478594551,11.925265002620977,0
635,69.96922664452671,1.8012292913684604,11.335631673619355,0
636,75.39334380441844,1.5225048440665199,10.493082520691036,0
637,74.3523356639178,2.213320782068527,11.281632067666521,0
638,72.07396296406745,3.038674864417592,9.34512769906353,0
639,72.50027996521837,1.483946969969229,10.812304606227146,0
640,74.84269741383665,2.044488279141779,12.259746944008498,0
641,79.26235637081056,2.757452899439791,10.267737128016092,0
642,75.80036942734164,2.0347006907058116,9.672714374713188,0
643,73.6927094445036,2.3279977641372036,9.901992248379406,0
644,76.57020844363146,1.601896050604762,9.497294521648792,0
645,76.8612960946014,2.3823788059752258,9.834073113992336,0
646,72.33950560977907,2.1134809752225263,10.279244382634573,0
647,77.93189565436673,2.742268859259222,9.274063455787037,0
648,77.86572579266044,2.888782388368128,10.724039538876516,0
649,79.98630239817498,3.638688460752962,11.638355785868706,0
650,82.536616425349,2.6854553941692947,9.854802270332682,0
651,81.31455670398351,2.6129541887307353,12.307102281668609,0
652,78.72372282569562,2.6041086944022784,11.32261001278778,0
653,77.22537302401824,2.3893845808708276,11.865099340617363,0
654,84.73847793603052,2.796189150642223,10.198049979887472,0
655,79.83955428505632,2.5418834238053436,11.730406306877505,0
656,79.85403735746729,2.837830632170109,9.802542502603826,0
657,79.85842962647634,3.4775096319342853,11.801888255590555,0
658,80.35858880908435,2.381355732704125,11.099186015567865,0
659,79.70453709066186,3.520995026056551,11.494820259921575,0
660,78.8517945873122,3.6762594587753465,9.778690488867845,0
661,78.88626881609244,3.025235195135224,10.070404654190774,0
662,79.87040348637196,2.08953515041917,11.572347563458004,0
663,78.78014921222204,2.912076272641008,10.034856206779699,0
664,78.34773355856827,3.929049617810174,11.452922451903742,0
665,79.868283475831,3.332436954158708,9.627506967417592,0
666,79.0033329530261,2.9060107604078804,11.846156381159089,0
667,82.35535946840842,3.2132630331720975,9.767199689760416,0
668,73.85615641212216,3.9438803329085097,11.55216443470057,0
669,81.12894179979017,3.8525308121449604,11.624037353256988,0
670,81.20357038668703,3.5127185777157903,10.298579286481985,0
671,74.30831747942717,3.498984351673972,11.572730007859244,0
672,77.49228735710372,3.5336976628709422,11.244913125804588,0
673,77.13690551677499,3.3123104624493007,10.437821484604106,0
674,74.747193198425,4.6217056429172105,9.958738682044906,0
675,75.6701109486296,3.689743289928449,8.993750236731923,0
676,74.65005977111578,4.492588118312869,11.293578540518123,0
677,80.00404503693338,4.673844743913064,9.365168202441822,0
678,77.98290824892088,4.437462922407534,11.009869898655774,0
679,78.25143326933197,3.7434493612294535,10.634169162512475,0
680,76.73417098928671,4.177814810172082,11.558415837088921,0
681,72.60200278887874,3.9762062609761792,10.557476595886468,0
682,73.36819753413269,3.544416597063976,10.508948290757182,0
683,74.94207812981358,4.161984415573393,11.547799508245435,0
684,71.05525807178273,3.40938019516512,11.12721424786332,0
685,74.45294827040793,4.587397189085773,11.083272309818307,0
686,72.06617253212409,3.751492074470833,11.210116853778928,0
687,71.31068789975713,4.0702529508483405,9.177824851315231,0
688,72.99060588689107,4.092881396086127,11.441592082085256,0
689,71.96164811116353,3.7991231544073436,11.267583084328058,0
690,69.85294244941109,4.195135248386446,9.607694006839894,0
691,72.39385079307192,3.633542761720567,10.348560636620816,0
692,67.41319299763069,4.271979827600229,10.5206496981929,0
693,70.30838081290482,3.124962276599257,10.391880265218118,0
694,69.76621030619675,3.819217703801614,10.825814988996093,0
695,67.46796234388246,4.680209331107013,11.888112753975376,0
696,68.25115006494649,3.1621383906834555,11.50257295341217,0
697,64.61448720511521,3.272048305614289,9.071974085709105,0
698,68.48980544624239,3.813777255563603,10.969035695557967,0
699,65.80537805742368,3.590042907648386,11.638116379785735,0
700,64.67272726400041,3.6167732333015903,10.657714308997072,0
701,67.36988506824628,3.6252966059255067,11.323175550080238,0
702,63.42869041811522,3.635617245383373,12.205383444513927,0
703,61.59887025596225,3.8092459527501537,11.177431479236173,0
704,60.89490716080954,3.3943146505726283,10.363393540786209,0
705,64.82753453545995,3.002944295435953,11.119353919669114,0
706,60.67796294112979,3.393478763486989,10.17921497025065,0
707,66.3886164481758,3.9404975783232663,10.01823695591139,0
708,58.3731744277834,2.8576463907503595,9.602935516916483,0
709,65.6066046697278,2.3704430805766585,11.477851982123694,0
710,62.331847272286176,3.3456247124104816,9.05623570796157,0
711,61.43272777474037,2.667194167880127,11.367458359458581,0
712,60.273587739452545,1.5775615235908946,10.295644839203296,0
713,61.92055699374039,3.0256119229762923,8.357491328634246,0
714,60.828063876815015,2.2740104525312725,10.085852656514941,0
715,62.91372249166965,2.4382176131498445,7.580033530464178,0
716,60.762586834474476,2.5935789038108226,10.267936565227918,0
717,60.68540761101604,2.4694861705900597,10.490600579711678,0
718,59.53228519688903,2.6783899733967416,8.976585014658248,0
719,60.04467006029642,2.058353438013398,9.65675014234664,0
720,60.697815003352964,2.4882982377643748,11.452368132729712,0
721,56.610314144337536,2.0610339159944364,8.958275003144815,0
722,57.30763773026054,2.522869491733961,8.371782579709688,0
723,61.48887918009071,2.427565977637865,10.87993280287531,0
724,60.3674132017194,1.622491054919569,11.32939846518692,0
725,59.70597758583852,2.6075716462726417,9.34006178763488,0
726,60.18388402771875,1.7751249279224883,10.318445664973359,0
727,60.939878803616644,2.42991289634592,10.620183738830729,0
728,59.287278394643664,2.196632801843122,8.509102698111569,0
729,58.95634865556397,2.9235712219190457,8.740357503890214,0
730,61.07452163164831,1.8886595283135197,10.431853034495122,0
731,58.91924665121584,1.8260883121309817,10.862586246048231,0
732,61.90846407066033,1.9958305790516182,9.718361982923708,0
733,57.92502316792477,1.8631623461801465,8.254926974706118,0
734,63.64840347713027,2.4283123015473524,11.102446874662624,0
735,62.816209383082054,1.2380920430222342,8.56647449397785,0
736,62.68431433312121,1.5415494652798376,8.745811134283414,0
737,64.45844256484993,1.5607714942793214,9.408260559291039,0
738,66.16357865731858,2.600131216997341,10.606551279243869,0
739,65.21885376274902,3.0144761223300867,9.894350941289513,0
740,59.882870203766714,2.144872482649478,9.444759766654725,0
741,61.39605486852796,2.154181022116454,9.484254060195525,0
742,63.111270612106026,2.3184955399726657,9.057117708807818,0
743,64.83288362721578,2.9124695853101796,9.5659580894854,0
744,66.2488588550541,1.9188847181512512,6.474061310701103,0
745,64.20685613035555,2.555519783710486,8.704410735983252,0
746,66.48753210768072,2.9802123631036515,9.24133509441064,0
747,65.06860051584685,2.8016931048682183,7.8495938059408195,0
748,65.83024837901353,2.706463467716925,9.389124751622779,0
749,64.72124465116244,3.1744476053845854,8.802119062057544,0
750,66.17554551141357,1.3860089997964526,10.767444074222627,0
751,65.81103189105387,3.141429071888704,10.591946833815177,0
752,67.05875691854244,2.541197327263973,8.56164977951719,0
753,71.61636256604218,2.0192478817110646,8.886701741080751,0
754,68.11008379039329,3.2567855087156845,8.97521572261294,0
755,75.77342609366785,3.7546280991467045,8.610648783540096,0
756,71.99380677168678,3.065387970331811,9.271978321960477,0
757,71.87283482034644,3.6762670687106387,8.33479302503058,0
758,70.27868149202544,4.070798688033497,7.9800324013492,0
759,73.88326383718882,3.985770720643427,9.752354376459127,0
760,71.8124101346183,4.210491062619216,9.779560538342482,0
761,73.68133945409757,3.8220328956117173,8.367462765178843,0
762,79.02253142961706,3.5471427565612257,10.090206504002028,0
763,74.16553120833103,2.764636541357455,8.587633959001565,0
764,77.10059445695394,3.4962687801493146,9.497986635871987,0
765,73.82808913208021,3.2486058781852787,10.091983244780861,0
766,75.5837758003763,4.803651992978756,9.26600972365228,0
767,79.60053341414365,3.674998454485458,9.7834667116174,0
768,75.19503321387315,3.865914895758157,8.84247356223228,0
769,80.44778057225226,4.117852913637191,9.193639647445528,0
770,78.59524979862739,3.897967855924704,9.216425524673928,0
771,76.39372922170607,4.75385592818804,8.70880955452648,0
772,79.10360235609397,3.621142858873983,9.312587946643966,0
773,80.08442699689101,4.0517656336503585,7.975534931283144,0
774,79.66312518535744,3.600980497455515,9.068551856715123,0
775,75.53819860606886,3.3256390600171053,9.311086861307265,0
776,77.46182437876466,3.688821249657589,9.376685727043679,0
777,78.63622654046448,3.9808235985571043,9.428858495445285,0
778,79.17473863046179,3.784887211570448,9.646609563406523,0
779,80.7339872027759,3.649083413176407,10.226299643071794,0
780,79.99335586470738,3.2834688602045685,10.660264533836635,0
781,77.08848613527925,3.9320251069708636,9.17521432593393,0
782,80.61639868991826,3.2038425970153437,8.661290785850984,0
783,81.14936773911819,4.314607440233216,8.862176101922064,0
784,81.09515508494013,3.9500238609060196,9.456899692640743,0
785,82.15957984042072,3.1502151276889547,9.632152819583387,0
786,81.66331705953672,3.690668052441495,9.254075072749497,0
787,80.88630379368874,3.431720725834272,8.767912967556699,0
788,79.77516842922411,3.926323633554911,9.647764863440079,0
789,76.51635061628112,4.392492595766085,10.32500217519155,0
790,80.59569099521495,2.7370032438699594,10.778065194816152,0
791,80.02567593916781,3.681427559014857,9.664780031654443,0
792,80.00328350065982,3.490401235854058,9.84801714086668,0
793,76.73280854822859,3.8501563132560457,9.372710964149563,0
794,76.9271615646176,3.5628174716418277,10.305885421642637,0
795,80.97583084465406,3.0199404843124245,9.526271629458648,0
796,78.54849612914349,3.1743451593053322,10.984604308032665,0
797,79.72712460754897,2.8723228490754296,8.661727959384661,0
798,78.13637078893078,3.7436019497019,10.123366679753236,0
799,77.83466201227989,3.1506033754678526,10.818732901154556,0
800,79.32769921674549,4.024270305953731,10.735261197564194,0
801,76.07640007132616,2.9767446450926207,13.277379299442494,0
802,76.94032148282064,2.5862403244362913,10.966129785887226,0
803,75.44625306721613,2.1172197640877757,9.64327329419319,0
804,75.10861121418792,1.9066998254726615,10.581826187125603,0
805,74.95111855044483,1.9512462145740437,8.929923123713882,0
806,75.59166871250581,2.813062437432839,10.653319010359187,0
807,73.75497647555925,2.8714704702884895,9.92743789167634,0
808,76.77727978959277,1.765822566628172,11.701242785170583,0
809,72.01918455628886,2.945217779506498,10.260413599572429,0
810,72.9677684801615,2.1996804253066644,10.715993569512532,0
811,71.98681022049666,2.460602373023781,10.218675017512584,0
812,75.2778244861964,3.1420336179560144,12.613190994031882,0
813,72.28861622065715,2.736010757572912,10.571804902410562,0
814,73.466095917208,2.108158660762626,12.742884052594627,0
815,67.93468097609724,1.7550265147416888,11.740301782798795,0
816,70.94103310523717,1.08646504218832,11.422558117116063,0
817,71.68630789656555,1.768267607838893,11.32206132060216,0
818,69.57196035151699,1.9916254849189428,11.358437133293428,0
819,71.04018040118771,1.576958177946992,9.046735699566838,0
820,67.37919641175216,1.9824061634683128,10.703734483213383,0
821,70.74098659384919,2.068176684321084,11.834413468010338,0
822,72.03379955090833,1.9033494698040732,10.945413335048782,0
823,66.23044642941953,1.6811755906802393,9.592585008694812,0
824,65.59284686003029,2.0853189934182916,10.947238514974902,0
825,68.9271377486687,2.2212151514260845,12.70401737636276,0
826,68.72597698295822,1.4587401680087064,12.245472824523864,0
827,64.07865714377604,2.717526071966232,10.933648831749881,0
828,63.853734588306246,1.9752752102844384,11.942581018149596,0
829,63.713531995381,2.0508371244833628,10.618518021343467,0
830,61.18549744817675,2.4166213732551696,9.27347092556554,0
831,61.64970264809297,2.2043891366427317,10.043630455412233,0
832,61.10761217011916,2.593669102330254,12.520190395406075,0
833,61.22639241654471,2.293905125729892,10.670982250035081,0
834,62.35680287675813,1.8811414683006733,10.687753298508879,0
835,62.57771784538164,2.4087394258769383,10.61597140661594,0
836,64.91312776435971,1.7001819625936134,12.803153417468419,0
837,59.538722514568136,2.3736164792811336,12.506744733117465,0
838,63.24853622556043,2.35303724149138,13.079925971646064,0
839,60.61817030280149,2.3187099267564557,10.681082798760587,0
840,60.7358571015388,2.414180242193623,11.113390743273536,0
841,61.99596830031396,1.595522263745361,9.277453698911708,0
842,58.23580937340575,2.3221415947717343,12.246090283657663,0
843,61.10478891863936,2.704776412607706,9.575205430184113,0
844,60.555734898025904,2.8016499359691656,10.932401051652024,0
845,61.115031896889185,2.2724882817042547,9.5898186185719,0
846,60.64043508041018,3.4847331960007137,10.068650730525492,0
847,64.92950607609707,2.485003345409053,9.789599649445249,0
848,58.72518136890933,3.469394769941941,9.987328497444542,0
849,58.94541610764657,3.264906875896542,10.023470533553832,0
850,58.79285391595454,2.794611606680095,9.980813891194947,0
851,58.98480265669716,4.07127324492089,11.328059627884707,0
852,58.90236001635062,2.6518761428538107,9.354714497416346,0
853,62.661096757797736,3.7722435058161707,10.644235066240359,0
854,63.254288896459784,3.875540324383824,11.60509132084007,0
855,59.425966324210286,3.1008546507095023,9.836755004443265,0
856,59.08050271707823,4.191375203002474,9.594291831093198,0
857,61.88893207317932,3.426897274753286,10.043445978991139,0
858,60.06517200138387,3.7505932540092743,11.415017400339964,0
859,62.681070210997305,3.788039835240809,10.3903449934263,0
860,62.08809861541662,3.639434198080928,9.62565430044081,0
861,58.93860037871387,4.157563127654366,10.601125522523356,0
862,65.37300564294405,4.191132082698023,8.975149424603423,0
863,66.19695820840747,2.958821162491014,10.7188698979882,0
864,61.725316244888745,4.520255458819498,10.40612649973415,0
865,62.538800364458325,3.0679808033132527,9.649723494144164,0
866,64.26595513364653,4.442646275898342,9.079026879882669,0
867,64.75891995517229,4.512756429100493,8.99114427123294,0
868,65.81764884974217,3.422733322397329,10.373050498676609,0
869,68.94526904631375,3.7773204792707102,11.027880426065916,0
870,65.00795038517363,3.4400203138415693,9.122580655017432,0
871,64.21382819486058,3.8911460245680436,10.179647711402724,0
872,63.510833833084725,3.845886681513071,7.596052517980484,0
873,65.27598619086211,4.386589002328735,9.06078733979204,0
874,67.1481199920569,4.6443396235265295,9.577238947689422,0
875,71.28697994632803,4.67505891929067,8.662133913522016,0
876,67.15188604323072,3.6798231856564696,8.599515406588207,0
877,69.12846025085268,3.835717329967235,8.833188941955926,0
878,69.14511136385006,3.0738525495175604,9.75890628774634,0
879,72.05387119031086,3.4838122907451337,9.245982746551967,0
880,75.23088410280138,4.336409179139553,7.162585317460762,0
881,69.61477385691515,4.625216736876706,7.248579749677825,0
882,70.1954337432345,3.1600611955862656,8.731887093592727,0
883,73.75750043792372,3.43736070699954,9.766969081947487,0
884,73.52365564113487,3.6734879579206265,6.533412878274094,0
885,76.33858273463615,3.7768185865489414,8.753973148203453,0
886,74.29170833246684,3.1791545191921067,8.701434986672982,0
887,72.8761436558578,3.7406106732606013,10.591235682932862,0
888,75.23792842693797,3.233935974214929,8.79436634785862,0
889,76.725777420573,3.4038130922215126,9.540180203049648,0
890,76.58981753792101,3.6225387670684874,9.277599731394506,0
891,76.39151459823407,3.2894128944622225,6.986309152114989,0
892,77.92498965962102,3.0035423940075443,9.867028699768179,0
893,78.53042912128407,3.1014788915676097,9.2976055331928,0
894,79.34087721221375,3.045956430768798,9.575333481781827,0
895,78.24226232199437,2.838586047689546,12.979650860151366,0
896,76.96153121329482,2.827542370994822,6.957162862850549,0
897,77.92188395503605,3.689804132398657,10.755368854943667,0
898,80.35509655479491,3.104966988806402,8.734171806308431,0
899,76.6019782590127,2.611573502388397,9.30146055100681,0
900,79.24638186308698,3.0436665811531514,8.962708901255642,0
901,77.97427510834703,2.465509563714598,8.579660947709227,0
902,79.04846204731545,3.1578446440610968,8.431334039278548,0
903,81.75542304650875,2.696871144326123,9.329543309279307,0
904,79.76527286937535,2.4013345625457787,7.4833282145911,0
905,79.63705044146673,2.624201072832431,9.753147400068118,0
906,76.96171220216205,1.5629256662841957,8.590035826998502,0
907,81.28698023592192,1.7358962289065647,7.881412711816877,0
908,81.17400900399853,1.6563468392011629,8.568302429680946,0
909,84.27341517155998,2.282127665028302,10.283868227483671,0
910,79.37035225421171,3.037767288528425,8.501344688510015,0
911,80.43825280736468,3.2516943481702567,9.406635265502803,0
912,80.48776827487171,2.4234426933656086,8.330249949665234,0
913,83.10798892229306,2.3271911419515745,9.833654523165917,0
914,79.70169523086628,1.1526935290536784,9.77724549045039,0
915,80.36480771611893,1.7625453301245964,10.95780468921955,0
916,80.91252424855229,1.6249424545729072,8.952515111289316,0
917,79.93567926186006,1.6977217533973896,9.817011949921088,0
918,78.511422400369,1.9177914747749016,9.268065219970397,0
919,79.61079240277505,1.763970446720716,10.488837824216326,0
920,81.16514697620764,1.012960910571159,8.498393098840616,0
921,76.73758392490734,2.3835922232767546,9.987742515661354,0
922,78.80731296101877,1.4846918447316546,9.074763081936881,0
923,76.87054208607182,2.156462270382841,9.233164083769527,0
924,80.369614425076,3.093934784986455,9.418120714643264,0
925,74.62194016167116,1.6214457985598347,9.608702263069677,0
926,76.22009628936055,0.8443212956074013,9.271355983701708,0
927,77.74364871826326,1.9987463760641266,9.634401103490381,0
928,79.7540885883311,2.7283247731455464,11.030837246912409,0
929,76.10880141733278,3.1967678206768246,10.472075676545838,0
930,74.73156679074646,1.6460445061245688,10.390508673908482,0
931,79.19134201549481,2.5556781557158486,9.10130837723273,0
932,72.10649236595339,2.124259956227355,8.703809845694012,0
933,70.16589684856318,2.356384744301133,10.58520503493632,0
934,74.99311986165233,3.7865984311530765,10.543397145892376,0
935,72.64828412723533,1.770388873688478,11.177999074250724,0
936,71.14009947676345,2.7083153662288613,9.139797229370151,0
937,74.12149578537814,2.8767231721478645,9.55308855759232,0
938,72.70784154947323,3.2487874269201544,8.182360142131547,0
939,70.60199064758255,2.81921017192076,9.468865301408442,0
940,68.67512243011045,2.9895890681752886,10.897620853029158,0
941,72.4831405178965,2.705815274876059,9.474427196545854,0
942,71.53927767094471,3.1027157850044036,10.621369115575465,0
943,69.54057597727616,2.8632104252810526,9.830383531988094,0
944,72.9329066315118,3.4120921180562633,10.38490756965353,0
945,66.60206856375557,2.98255053228099,8.953025707176833,0
946,65.19693696127905,3.4212118967578373,10.225631976316919,0
947,66.37429948939823,3.2823026233945325,7.18876733938532,0
948,67.18267546585827,3.9229122679602266,10.03220012880795,0
949,67.28307222812391,3.395544487024636,8.627465512617587,0
950,65.84447439294543,2.594207830486331,11.502363095256202,0
951,66.57079120170529,4.169031770517589,11.111731627346545,0
952,62.91366660670145,3.140161284126248,10.838416104900139,0
953,67.86579545908403,3.3184659781754227,11.929577485550166,0
954,64.38803640911175,3.396973057132793,9.495827246166469,0
955,66.37461926003073,4.4283904344721154,12.227567978353816,0
956,64.42781399976067,2.716409089426733,11.447089132935112,0
957,64.27384628828187,5.392711023873714,10.312211343421325,1
958,64.13444664591472,4.3877955814154115,11.717377930243707,0
959,63.542410512568,4.00349728137778,9.50752473471843,0
960,63.60289890649842,3.8925790378886473,9.820382571417193,0
961,64.66542080679831,4.0868637991168075,10.066353798317891,0
962,62.10979849372649,4.224514312027854,10.17493283645208,0
963,62.86510787307489,4.302144577492038,9.6751938180027,0
964,61.01935096773892,4.268570819544856,11.981504797866561,0
965,63.85277714617238,4.042388943909886,10.525024287428462,0
966,59.41604241191789,3.9013272801919436,11.160586574500286,0
967,64.19006530757899,3.922314952577127,10.260640399886562,0
968,60.35075060350644,3.8940188603415744,9.031969216351266,0
969,57.436315713930554,4.547474540209066,11.142846691736148,0
970,60.44512444379061,4.262127782554547,8.979354897621665,0
971,58.74238459627274,2.475626180664758,10.840369981055787,0
972,61.72608093319229,4.250039872862333,9.556628929875348,0
973,58.70473463144323,3.9916299106882196,12.926680196466792,0
974,59.107774319276,3.8531067387069733,11.863724301618495,0
975,56.23621275868198,3.6325694529456602,11.069549177555569,0
976,59.1507911814567,4.34957916874547,12.237394003759734,0
977,55.27261107748328,4.218481363845816,10.135705596447423,0
978,57.042223925017254,3.3121659902284595,11.532264175359845,0
979,61.84498855307681,3.852913898525333,11.193776608439865,0
980,62.034073789706945,3.111457219508074,11.261577500241476,0
981,61.475541676863465,2.852720716632492,12.271906284131873,0
982,58.87626089894005,3.1720050483498694,11.732441180694323,0
983,60.92334678590798,3.857237885463212,11.287469329415387,0
984,61.2425691319244,3.841388345566286,9.341057039025747,0
985,59.18592055107924,3.5585323588789772,10.031503689934677,0
986,64.7835612021994,3.6003596890180702,10.862860293121553,0
987,63.82615765494236,3.4306665360032973,11.071384141977871,0
988,61.94399048945526,2.7858354650889257,9.8386859738143,0
989,62.773207515997676,3.256062908421463,13.369894288021515,0
990,63.48791607355815,3.373653608589874,12.46240663788048,0
991,59.35671385584965,3.2840596822042274,11.534412454876257,0
992,63.33125808742419,3.4352494366295767,10.989121075888022,0
993,62.86250636854705,3.129530733830704,10.688198185714457,0
994,62.63852766287502,2.886686920045816,9.930371177232335,0
995,64.50825270529498,3.1829060754726433,10.940241162204542,0
996,69.10683325268201,2.5730030828627504,11.099603957275423,0
997,67.24537184134931,2.0855972900442876,9.577834832416025,0
998,65.2836427417133,2.3873755482027703,11.130204638092582,0
999,68.04241402334884,2.0411916525039535,10.615928509629912,0
